{"mean":{"confidence_interval":{"confidence_level":0.95,"lower_bound":549667323.0,"upper_bound":553145522.0},"point_estimate":551342609.0,"standard_error":890636.0603783901},"median":{"confidence_interval":{"confidence_level":0.95,"lower_bound":547129250.0,"upper_bound":550696700.0},"point_estimate":548650650.0,"standard_error":974201.8649109188},"median_abs_dev":{"confidence_interval":{"confidence_level":0.95,"lower_bound":4696431.936621666,"upper_bound":8617315.827012062},"point_estimate":6328033.207654953,"standard_error":1010717.1787271175},"slope":null,"std_dev":{"confidence_interval":{"confidence_level":0.95,"lower_bound":6974850.518045683,"upper_bound":11008427.90171656},"point_estimate":9028900.734583845,"standard_error":1037280.3767967009}}