{"mean":{"confidence_interval":{"confidence_level":0.95,"lower_bound":-0.3127391772276943,"upper_bound":-0.3078180914742339},"point_estimate":-0.31018653091512793,"standard_error":0.0012714914189703279},"median":{"confidence_interval":{"confidence_level":0.95,"lower_bound":-0.31480284146337345,"upper_bound":-0.30977153750999487},"point_estimate":-0.3125671386431972,"standard_error":0.0013433765831081658}}